Fare,passenger_sex_codes,passenger_class_codes
26.698743026765417,0.38497872250300486,0.7228063223242019
79.97784755106922,0.4694367561729953,0.8694536875715321
