Fare,passenger_sex_codes,passenger_class_codes
21.82607047619049,0.819047619047619,0.47619047619047616
54.79446775956287,0.32786885245901637,1.0601092896174864
