Fare,passenger_sex_codes,passenger_class_codes
29.712811207255672,0.3648014869349186,0.7040022348843544
71.59298448578899,0.4701357402975396,0.8619483493772198
