Fare,passenger_sex_codes,passenger_class_codes
20.313116451612913,0.8419354838709677,0.42258064516129035
52.717267021276584,0.32978723404255317,1.1329787234042554
