Fare,passenger_sex_codes,passenger_class_codes
30.46906654095248,0.3569117075130237,0.7312395254775419
58.17240545816952,0.47201791286218464,0.8587983506363585
