Fare,passenger_sex_codes,passenger_class_codes
22.06513094462542,0.8501628664495114,0.4560260586319218
45.23889633507853,0.33507853403141363,1.0261780104712042
